Category,Method,JiNan,,,,,Hangzhou,,,,,SouthKorea_Songdo,,,,,France_Massy,,,,,Hongkong_YMT,,,,,NewYork,,,,
,,ATT↓,AWT↓,AQL↓,Special_ATT↓,Special_AWT↓,ATT↓,AWT↓,AQL↓,Special_ATT↓,Special_AWT↓,ATT↓,AWT↓,AQL↓,Special_ATT↓,Special_AWT↓,ATT↓,AWT↓,AQL↓,Special_ATT↓,Special_AWT↓,ATT↓,AWT↓,AQL↓,Special_ATT↓,Special_AWT↓,ATT↓,AWT↓,AQL↓,Special_ATT↓,Special_AWT↓
,FixedTime,404.33,139.09,179.589744,360.25,109.04,500.49,168.13,85.193749,539.54,183.80,160.07,131.39,1056.365032,257.06,229.65,102.26,50.55,115.939659,140.33,88.00,46.57,19.42,62.237841,51.25,19.62,325.73,179.09,17.572308,303.51,162.18
,MaxPressure,321.62,62.11,68.366923,304.16,57.93,364.33,45.94,16.581222,375.64,44.74,62.04,27.16,205.548945,61.71,19.88,56.61,7.84,25.035195,62.00,10.00,44.40,17.55,56.458977,46.38,13.62,304.87,85.06,9.493120,283.73,75.23
,Qwen-3-vl-8b,404.33,139.09,179.589744,360.25,109.04,500.49,168.13,85.193749,539.54,183.80,160.07,131.39,1056.365032,257.06,229.65,102.26,50.55,115.939659,140.33,88.00,46.57,19.42,62.237841,51.25,19.62,325.73,179.09,17.572308,303.51,162.18
